Site,Partition,&alpha;,&beta;,&beta;-&alpha;,Prob[&alpha;>&beta;],Prob[&alpha;<&beta;],BayesFactor[&alpha;<&beta;]
1,1,"3.346","0.010","-3.335","0.970","0.005","0.009"
2,1,"0.853","0.028","-0.825","0.999","0.000","0.001"
3,1,"0.735","0.448","-0.287","0.777","0.162","0.345"
4,1,"0.303","0.777","0.475","0.055","0.918","20.145"
5,1,"0.810","0.265","-0.545","0.943","0.033","0.060"
6,1,"1.581","0.531","-1.050","0.929","0.045","0.084"
7,1,"1.205","0.561","-0.643","0.835","0.119","0.243"
8,1,"0.674","0.027","-0.647","0.997","0.001","0.002"
9,1,"2.831","0.127","-2.704","1.000","0.000","0.000"
10,1,"2.858","0.016","-2.842","1.000","0.000","0.000"
11,1,"2.652","0.016","-2.636","1.000","0.000","0.000"
12,1,"0.789","0.356","-0.433","0.911","0.055","0.105"
13,1,"2.996","0.012","-2.984","1.000","0.000","0.000"
14,1,"0.892","0.670","-0.222","0.526","0.391","1.151"
15,1,"2.907","0.846","-2.061","0.975","0.012","0.023"
16,1,"3.574","0.293","-3.281","1.000","0.000","0.000"
17,1,"1.666","0.992","-0.674","0.643","0.241","0.570"
18,1,"3.752","0.609","-3.142","0.992","0.004","0.007"
19,1,"0.912","0.638","-0.273","0.636","0.288","0.727"
20,1,"0.688","0.292","-0.396","0.899","0.062","0.118"
21,1,"0.658","0.510","-0.148","0.647","0.266","0.651"
22,1,"4.183","0.557","-3.626","0.998","0.001","0.001"
23,1,"0.632","0.543","-0.089","0.566","0.342","0.930"
24,1,"1.350","0.031","-1.319","1.000","0.000","0.000"
25,1,"1.021","0.601","-0.421","0.796","0.140","0.291"
26,1,"1.377","0.661","-0.716","0.805","0.137","0.285"
27,1,"1.702","0.432","-1.270","0.974","0.014","0.026"
28,1,"3.402","0.340","-3.062","1.000","0.000","0.000"
29,1,"1.889","0.439","-1.450","0.978","0.012","0.022"
30,1,"1.783","0.853","-0.929","0.810","0.118","0.240"
31,1,"3.010","0.661","-2.348","0.989","0.005","0.009"
32,1,"2.763","0.663","-2.099","0.934","0.043","0.080"
33,1,"4.188","0.975","-3.213","0.998","0.001","0.001"
34,1,"1.900","0.598","-1.302","0.937","0.038","0.071"
35,1,"4.318","0.261","-4.057","1.000","0.000","0.000"
36,1,"5.370","0.556","-4.814","1.000","0.000","0.000"
37,1,"3.233","0.193","-3.040","1.000","0.000","0.000"
38,1,"3.688","0.246","-3.442","1.000","0.000","0.000"
39,1,"2.943","0.024","-2.919","1.000","0.000","0.000"
40,1,"1.806","0.019","-1.787","1.000","0.000","0.000"
41,1,"3.382","0.945","-2.438","0.974","0.014","0.025"
42,1,"0.806","0.453","-0.353","0.830","0.116","0.235"
43,1,"1.523","0.028","-1.495","1.000","0.000","0.000"
44,1,"3.362","0.013","-3.349","1.000","0.000","0.000"
45,1,"3.664","0.210","-3.455","1.000","0.000","0.000"
46,1,"3.553","0.896","-2.657","0.997","0.001","0.002"
47,1,"2.656","0.010","-2.645","1.000","0.000","0.000"
48,1,"5.220","0.951","-4.269","0.999","0.000","0.001"
49,1,"2.975","0.021","-2.954","1.000","0.000","0.000"
50,1,"2.687","0.016","-2.671","1.000","0.000","0.000"
51,1,"2.252","0.155","-2.097","0.998","0.001","0.001"
52,1,"0.538","0.037","-0.501","0.986","0.006","0.010"
53,1,"1.714","0.027","-1.687","1.000","0.000","0.000"
54,1,"5.622","0.931","-4.691","0.985","0.009","0.017"
55,1,"1.135","0.021","-1.114","0.999","0.000","0.001"
56,1,"7.694","0.429","-7.265","1.000","0.000","0.000"
57,1,"0.259","0.017","-0.242","0.751","0.051","0.096"
58,1,"0.542","0.036","-0.506","0.987","0.006","0.010"
59,1,"2.736","0.015","-2.721","1.000","0.000","0.000"
60,1,"1.720","0.011","-1.710","1.000","0.000","0.000"
61,1,"2.943","1.083","-1.860","0.971","0.014","0.025"
62,1,"1.289","0.309","-0.980","0.964","0.023","0.043"
63,1,"2.716","1.113","-1.603","0.823","0.121","0.247"
64,1,"0.529","0.023","-0.505","0.980","0.006","0.012"
65,1,"1.226","0.755","-0.471","0.643","0.271","0.668"
66,1,"2.920","1.153","-1.766","0.914","0.055","0.105"
67,1,"2.340","0.133","-2.207","1.000","0.000","0.000"
68,1,"2.818","1.096","-1.721","0.785","0.174","0.379"
69,1,"1.497","1.370","-0.127","0.363","0.541","2.109"
70,1,"2.677","1.369","-1.307","0.829","0.097","0.193"
71,1,"3.161","1.232","-1.928","0.932","0.033","0.062"
72,1,"3.493","13.587","10.094","0.112","0.838","9.255"
73,1,"4.198","1.741","-2.458","0.739","0.209","0.472"
74,1,"2.282","1.097","-1.185","0.665","0.260","0.629"
75,1,"2.651","0.995","-1.656","0.946","0.027","0.050"
76,1,"3.042","1.068","-1.974","0.951","0.028","0.052"
77,1,"6.675","1.039","-5.636","0.992","0.004","0.007"
78,1,"2.783","1.107","-1.676","0.960","0.019","0.034"
79,1,"2.675","0.133","-2.542","1.000","0.000","0.000"
80,1,"2.854","1.125","-1.729","0.870","0.084","0.165"
81,1,"4.630","0.817","-3.813","0.999","0.000","0.001"
82,1,"3.326","1.134","-2.191","0.989","0.003","0.006"
83,1,"1.669","0.548","-1.120","0.905","0.061","0.115"
84,1,"5.449","0.577","-4.872","1.000","0.000","0.000"
85,1,"4.681","0.941","-3.740","0.993","0.003","0.005"
86,1,"3.302","0.216","-3.086","1.000","0.000","0.000"
87,1,"3.759","0.926","-2.833","0.999","0.000","0.001"
88,1,"4.418","3.828","-0.591","0.598","0.358","1.000"
89,1,"2.879","1.037","-1.841","0.984","0.006","0.011"
90,1,"1.506","0.639","-0.867","0.852","0.099","0.197"
91,1,"1.573","0.182","-1.391","0.996","0.002","0.003"
92,1,"0.630","0.307","-0.323","0.812","0.131","0.270"
93,1,"0.907","0.529","-0.378","0.827","0.117","0.238"
94,1,"0.809","0.640","-0.169","0.630","0.280","0.698"
95,1,"1.412","1.013","-0.399","0.486","0.404","1.217"
96,1,"1.965","1.097","-0.868","0.672","0.239","0.564"
97,1,"0.801","0.724","-0.076","0.466","0.449","1.463"
98,1,"1.077","0.997","-0.081","0.349","0.525","1.979"
99,1,"0.531","0.863","0.332","0.133","0.807","7.476"
100,1,"0.594","0.827","0.234","0.223","0.701","4.200"
101,1,"1.149","1.133","-0.016","0.276","0.604","2.730"
102,1,"0.586","1.277","0.691","0.037","0.920","20.597"
103,1,"0.565","0.931","0.367","0.116","0.823","8.326"
104,1,"2.868","1.000","-1.868","0.717","0.226","0.524"
105,1,"6.531","2.017","-4.514","0.840","0.134","0.276"
106,1,"0.667","1.016","0.349","0.128","0.794","6.894"
107,1,"0.533","1.073","0.540","0.057","0.898","15.806"
108,1,"1.219","0.025","-1.194","0.999","0.000","0.001"
109,1,"4.418","3.828","-0.591","0.598","0.358","1.000"
110,1,"4.418","3.828","-0.591","0.598","0.358","1.000"
111,1,"0.126","0.575","0.449","0.033","0.950","33.832"
112,1,"1.939","0.766","-1.173","0.859","0.092","0.181"
113,1,"2.979","0.268","-2.711","0.999","0.001","0.001"
114,1,"0.695","0.721","0.026","0.409","0.492","1.735"
115,1,"0.710","1.668","0.958","0.085","0.853","10.380"
116,1,"2.222","1.112","-1.111","0.726","0.201","0.450"
117,1,"0.948","0.415","-0.533","0.844","0.110","0.221"
118,1,"1.827","1.006","-0.821","0.585","0.360","1.007"
119,1,"10.519","1.412","-9.107","0.749","0.210","0.476"
120,1,"4.033","6.295","2.262","0.367","0.534","2.053"
121,1,"1.213","0.903","-0.310","0.512","0.382","1.107"
