,D29630.1,LC107517,KU697313,AY800279,LC155795,KT717325,KU159093,KX196173,MF978248,JX524226,LC107515,MH423501,FJ822136,GQ179646,AY863024,GQ179647,AY366209,KY348771,KU854931,KU854929,SRR11190802C,KP090203,AY366207,SRR11190798C,SRR11190801C,SRR11603189C,SRR11603187C,SRR11603183B,SRR11603184B,MG210801,SRR11190800B,SRR11190791B,SRR11190802D,SRR11190801D,SRR11190798D,SRR11190795D,JF930327,SRR11603182B,SRR11603184C,SRR11603183C,SRR11190793B,SRR11190796D,SRR11190797D,SRR11603191C,SRR11603189D,SRR11603187D,SRR11603186C,SRR11603190C,KM288845,SRR11190798B,SRR11190801B,SRR11190802B,SRR11190796B,SRR11190797B,AY366208,KM288844,JF930326,KM288843,KM288842,SRR11603191B,SRR11603189B,SRR11603187B,SRR11603186B,SRR11603190B,JF937699,KM288846,KX883791,KM288847,X15H03_cons,X19JSF_sty,X15H04_cons,X15H06_cons,LC128411,SRR11603186A,SRR11603190A,SRR11603191A,SRR11603187A,SRR11603189A,SRR11190793A,KM365479,SRR11190792A,SRR11603183A,SRR11190795A,AF308158,SRR11190802A,SRR11190796A,SRR11190797A,SRR11603184A,SRR11603182A,SRR11190798A,SRR11190801A,SRR11190799A,SRR11190791A,SRR11190800A
D29630.1,100.001,60.201,59.701,59.901,59.801,59.501,59.801,58.601,57.701,57.901,57.401,58.301,58.601,58.801,58.501,58.401,58.001,58.001,58.101,57.101,56.801,56.601,56.301,53.701,53.601,55.601,54.601,56.701,53.801,57.201,57.301,57.301,56.201,56.501,56.401,56.501,56.401,56.601,56.701,56.601,57.101,57.001,57.001,56.801,57.001,57.001,57.001,56.901,NA,57.101,56.901,56.401,56.001,55.901,57.501,NA,57.901,NA,NA,57.201,57.801,57.901,57.401,57.401,57.301,NA,57.201,NA,57.501,57.001,57.801,57.601,58.001,57.801,57.801,57.801,56.901,57.801,57.701,NA,56.301,56.901,57.901,57.401,57.501,57.701,56.701,57.501,57.701,57.701,57.601,57.701,57.701,57.701
LC107517,57.301,100.001,63.701,61.401,61.301,61.501,62.001,58.101,57.901,58.301,59.801,58.501,58.401,58.701,58.101,58.401,59.401,59.401,59.701,58.701,58.301,58.801,58.601,55.601,55.501,57.101,56.001,58.301,55.901,58.101,60.001,60.001,59.101,59.401,59.401,59.801,59.901,59.201,59.401,59.201,59.901,60.101,60.101,59.701,59.801,59.801,60.001,59.901,NA,59.501,59.601,58.701,59.001,59.101,59.701,NA,59.201,NA,NA,59.401,59.701,59.701,59.501,59.501,58.901,NA,58.701,NA,59.101,57.901,59.201,59.301,59.001,59.101,59.001,59.101,58.301,59.301,59.601,NA,58.401,58.001,59.201,59.401,59.201,59.301,58.101,59.401,59.101,59.201,59.101,59.501,59.601,59.601
KU697313,52.101,58.901,100.001,78.201,76.401,78.001,78.201,58.201,57.601,57.801,59.501,59.001,58.301,58.401,59.001,58.301,57.501,58.301,58.301,58.001,56.801,57.501,57.101,54.701,54.501,55.901,54.801,57.301,55.001,55.801,58.201,58.201,57.701,58.001,57.701,58.401,58.301,58.201,58.201,58.201,58.501,58.301,58.301,58.501,58.301,58.201,58.301,58.301,NA,59.401,59.501,58.501,58.101,58.101,60.101,NA,59.801,NA,NA,59.901,59.801,59.901,59.501,59.601,59.401,NA,59.101,NA,58.801,58.201,59.201,59.401,58.801,58.801,58.501,58.501,58.401,58.501,59.401,NA,58.101,58.501,59.401,59.101,58.901,59.301,58.601,59.301,59.101,59.101,58.901,59.501,59.501,59.501
AY800279,50.701,58.601,79.601,100.001,77.701,77.001,77.201,57.901,57.601,58.601,58.101,59.701,59.801,59.301,59.801,59.001,58.401,58.401,58.301,58.401,57.701,58.201,58.001,55.401,55.301,56.801,55.601,57.901,56.201,55.501,58.101,58.101,57.701,57.401,57.401,57.801,58.001,57.201,57.501,57.201,58.201,57.701,57.701,57.801,57.801,57.701,57.801,57.901,NA,58.601,58.201,58.701,58.101,57.501,58.501,NA,58.801,NA,NA,58.801,58.801,58.801,58.701,58.801,57.901,NA,57.901,NA,58.401,57.201,58.101,58.301,58.101,58.101,58.001,57.901,57.401,58.201,58.901,NA,57.501,57.801,58.001,58.101,58.201,58.501,58.301,58.401,58.801,58.101,58.101,58.801,58.801,58.701
LC155795,51.901,56.501,78.001,80.101,100.001,75.901,76.001,57.201,57.801,57.201,57.701,57.501,57.601,57.501,58.301,58.701,58.801,58.701,58.801,58.001,57.201,57.701,57.401,55.201,55.101,56.301,55.101,57.301,55.201,56.101,57.201,57.201,56.401,56.701,56.801,57.101,57.301,56.601,56.601,56.401,57.201,57.001,57.001,56.801,56.901,56.901,56.901,56.901,NA,58.001,58.101,56.901,57.501,58.001,59.401,NA,58.801,NA,NA,59.001,58.701,58.801,58.501,58.601,57.901,NA,57.501,NA,58.901,58.501,59.801,59.801,59.301,58.801,58.801,58.801,58.201,58.901,59.401,NA,58.001,58.401,59.301,58.901,58.801,59.401,58.601,59.101,58.801,58.801,58.701,59.501,59.401,59.601
KT717325,51.601,58.101,80.401,78.001,75.301,100.001,98.701,57.601,57.301,58.201,58.301,59.301,59.001,59.201,58.301,58.201,57.901,58.001,57.901,58.201,57.401,57.901,58.101,55.301,55.101,56.601,55.301,57.801,55.501,56.901,57.901,57.901,57.401,57.601,57.101,57.801,58.201,57.701,57.601,57.601,58.301,57.901,57.901,58.101,58.101,58.101,57.901,58.001,NA,59.001,59.201,58.301,58.401,58.401,59.701,NA,58.601,NA,NA,59.401,59.201,59.301,59.401,59.501,58.601,NA,58.301,NA,58.601,58.001,58.401,58.601,58.201,58.501,58.501,58.401,57.801,58.401,58.601,NA,57.501,58.201,58.801,58.501,58.301,58.801,58.101,58.701,58.601,58.201,58.101,58.701,58.701,58.701
KU159093,51.401,58.101,80.601,77.901,75.501,99.801,100.001,57.601,57.201,58.201,58.401,58.701,58.401,58.501,58.001,58.301,57.801,58.001,57.901,57.901,57.201,57.601,57.601,55.201,55.101,56.001,55.301,57.101,55.501,56.501,58.101,58.101,57.801,57.701,57.701,58.201,58.901,58.001,57.801,57.801,58.701,58.301,58.301,58.201,58.401,58.401,58.701,58.601,NA,58.801,58.901,58.601,58.201,58.301,59.301,NA,58.801,NA,NA,59.201,59.201,59.201,59.101,59.101,58.601,NA,58.401,NA,58.601,57.401,58.601,58.601,58.001,58.301,58.301,58.301,57.701,58.401,58.501,NA,57.401,57.501,58.101,57.401,57.901,58.101,57.701,58.401,58.401,58.101,58.001,58.501,58.501,58.501
KX196173,58.301,55.901,57.401,53.401,54.101,54.801,54.701,100.001,66.401,66.601,65.301,64.601,64.401,64.701,64.401,64.101,56.501,56.301,56.101,55.701,56.101,55.801,55.301,53.301,53.101,54.001,52.901,54.801,53.101,58.601,56.801,56.801,56.601,56.501,56.401,56.901,56.901,56.401,56.401,56.401,56.701,56.701,56.701,56.901,56.801,56.801,56.701,56.701,NA,55.201,55.301,55.501,54.701,56.901,56.001,NA,56.201,NA,NA,55.901,56.201,56.301,55.901,56.201,56.201,NA,55.601,NA,55.901,55.001,56.101,56.101,55.901,55.501,55.501,55.201,54.601,55.601,55.201,NA,53.901,54.401,55.201,55.401,55.001,55.201,54.601,55.301,55.101,54.901,54.901,55.301,55.301,55.301
MF978248,55.401,53.401,53.001,53.101,53.201,53.901,53.901,67.301,100.001,66.801,66.201,65.401,65.801,65.601,65.501,65.101,56.301,56.501,56.401,56.801,56.301,56.701,56.901,53.801,53.601,55.701,54.401,56.501,53.901,58.801,56.101,56.101,55.201,55.601,55.301,55.901,55.801,55.401,55.401,55.401,56.401,55.901,55.901,55.901,56.001,56.001,55.801,55.801,NA,55.901,55.801,55.501,54.901,57.801,56.201,NA,55.801,NA,NA,56.001,55.901,56.201,55.901,55.901,56.101,NA,56.501,NA,55.201,54.701,55.401,55.501,55.801,55.601,55.501,55.301,54.401,55.501,55.001,NA,54.401,54.701,55.301,55.001,54.801,55.201,54.901,55.101,55.001,55.001,54.901,55.301,55.301,55.401
JX524226,55.901,57.201,54.201,53.701,53.801,55.801,56.701,69.601,68.501,100.001,66.001,65.901,65.801,65.701,66.001,65.801,57.101,56.601,56.701,56.101,56.001,56.601,56.101,53.801,53.701,55.901,54.501,56.701,53.601,58.301,57.201,57.201,56.401,56.801,56.701,57.101,57.501,56.601,56.601,56.601,57.001,56.901,56.901,56.801,57.001,57.001,56.901,56.901,NA,56.301,56.401,56.301,55.701,57.101,56.201,NA,56.601,NA,NA,56.801,56.801,56.901,56.901,56.601,56.701,NA,56.501,NA,57.601,56.501,57.201,57.201,57.101,57.301,57.301,57.501,56.501,57.201,57.601,NA,56.401,56.001,57.201,56.701,57.001,57.001,56.801,56.701,56.901,57.201,57.101,57.301,57.301,57.301
LC107515,54.601,55.201,54.901,54.001,54.201,52.501,52.501,70.401,70.501,72.401,100.001,78.601,79.101,78.301,78.601,78.201,57.601,57.001,57.001,56.401,57.001,56.701,56.501,54.201,54.101,55.701,54.201,56.201,54.001,58.801,57.601,57.601,56.901,56.901,56.801,57.401,57.901,56.801,56.801,56.801,57.901,57.201,57.201,57.201,57.201,57.201,57.301,57.301,NA,57.401,57.501,57.301,56.501,58.301,57.201,NA,57.301,NA,NA,57.201,57.201,57.301,57.001,56.901,56.901,NA,57.201,NA,58.401,57.701,58.801,58.801,58.501,58.301,58.201,58.101,57.401,58.201,58.701,NA,57.601,57.401,58.501,58.101,57.801,58.401,57.601,58.101,58.301,58.101,58.001,58.001,58.001,58.001
MH423501,56.501,56.501,51.601,54.201,51.801,52.801,52.601,70.401,69.601,70.201,79.801,100.001,94.801,94.201,94.901,93.701,57.401,57.501,57.501,56.501,57.201,56.601,56.701,54.301,54.001,56.001,54.601,56.301,54.001,59.701,57.001,57.001,56.601,56.801,56.801,57.301,57.401,56.801,56.801,56.801,57.201,57.201,57.201,57.401,57.201,57.201,57.401,57.401,NA,56.601,56.701,56.601,56.201,57.701,57.101,NA,57.301,NA,NA,57.101,56.901,57.001,56.801,56.801,57.301,NA,56.701,NA,57.901,57.101,58.201,58.201,57.701,57.501,57.501,57.001,56.901,57.201,57.901,NA,56.801,57.101,58.001,57.301,57.201,57.701,56.901,58.001,57.601,57.501,57.401,57.901,57.901,57.901
FJ822136,55.801,55.201,51.801,53.501,54.201,52.001,51.801,69.901,68.901,70.401,79.801,93.601,100.001,96.201,93.501,92.601,57.301,57.301,57.301,56.101,57.101,56.701,56.501,53.601,53.501,55.401,53.901,56.101,54.101,59.301,57.401,57.401,56.701,56.901,56.801,57.201,57.401,56.901,56.801,56.901,57.401,57.401,57.401,57.301,57.301,57.301,57.401,57.401,NA,56.001,56.201,55.701,55.601,58.001,56.701,NA,56.601,NA,NA,56.501,56.301,56.401,56.401,56.401,57.101,NA,57.101,NA,57.501,56.501,57.601,57.701,57.201,57.101,57.101,57.301,56.701,57.201,57.601,NA,56.301,57.001,57.501,56.901,57.101,57.301,56.401,57.601,57.401,57.501,57.401,57.601,57.601,57.601
GQ179646,57.001,54.401,51.001,54.101,53.201,52.001,51.801,70.201,67.101,70.801,79.001,92.501,93.601,100.001,94.301,94.701,57.401,57.101,57.001,56.201,56.501,56.601,56.201,53.701,53.701,54.901,53.701,55.601,53.601,59.801,57.701,57.701,56.901,57.101,56.901,57.401,57.701,56.901,56.801,56.801,57.501,57.401,57.401,57.401,57.401,57.401,57.501,57.501,NA,56.301,56.401,55.701,55.901,58.301,57.001,NA,56.701,NA,NA,57.001,56.601,57.201,56.501,56.401,56.901,NA,56.801,NA,57.701,56.701,57.801,57.401,57.401,57.401,57.301,57.401,56.701,57.401,57.301,NA,56.401,56.901,57.501,57.001,57.101,57.201,56.401,57.401,57.501,57.401,57.301,57.901,58.001,58.001
AY863024,57.001,55.201,51.501,53.401,52.301,51.401,51.201,70.001,68.301,70.501,79.201,93.901,95.001,96.301,100.001,96.201,56.601,57.001,56.901,55.301,55.901,55.901,55.801,53.301,53.201,55.301,53.901,55.701,53.301,58.801,56.901,56.901,56.801,56.701,56.701,57.201,57.301,56.801,56.801,56.801,57.101,57.101,57.101,57.101,57.101,57.101,57.301,57.301,NA,56.101,56.301,56.101,55.301,57.001,56.501,NA,56.201,NA,NA,56.301,56.301,56.401,55.901,56.101,56.301,NA,56.601,NA,57.201,56.501,57.301,57.301,56.901,56.801,56.801,56.701,56.201,56.801,57.001,NA,55.601,56.201,57.001,56.601,56.601,56.701,56.001,56.901,56.901,56.701,56.601,57.001,57.001,57.001
GQ179647,57.001,54.601,51.001,54.401,51.201,52.101,52.001,70.001,67.101,70.801,78.801,92.501,93.601,99.401,96.301,100.001,56.701,56.901,56.901,55.901,56.501,55.901,56.501,53.901,53.801,55.301,54.201,56.101,53.901,59.401,57.301,57.301,56.601,56.701,56.701,57.201,57.401,56.501,56.501,56.601,57.301,57.001,57.001,57.101,57.001,57.001,57.101,57.101,NA,56.501,56.601,56.201,55.601,57.001,56.901,NA,56.801,NA,NA,56.701,56.701,56.801,56.601,56.301,56.801,NA,56.301,NA,57.801,56.901,58.001,57.901,56.901,57.101,57.001,56.901,56.301,57.001,57.201,NA,56.001,56.701,56.801,56.601,56.601,56.701,56.201,57.501,57.401,57.301,57.201,57.601,57.701,57.701
AY366209,52.901,54.501,55.801,56.101,54.801,54.301,54.401,58.901,57.301,60.901,55.401,56.701,55.801,55.701,55.701,55.701,100.001,95.901,96.501,66.001,65.401,65.701,65.801,63.101,62.901,64.401,63.301,65.601,63.201,65.601,65.801,65.801,64.801,65.101,64.801,65.501,65.301,64.701,64.601,64.701,65.601,65.601,65.601,65.601,65.901,65.801,65.701,65.701,NA,65.601,65.701,65.401,64.601,64.801,66.101,NA,65.901,NA,NA,66.201,66.101,66.101,66.101,66.001,65.801,NA,65.401,NA,65.801,64.601,65.701,65.701,65.701,65.101,65.101,65.101,64.601,65.401,65.401,NA,64.301,64.801,65.701,65.501,65.201,65.501,64.801,65.501,65.901,65.601,65.501,65.501,65.501,65.501
KY348771,54.501,55.301,52.901,54.601,54.801,54.601,54.801,57.701,56.401,58.601,55.901,57.001,56.801,57.501,57.101,57.501,96.201,100.001,99.101,66.401,65.401,65.601,65.701,63.001,62.901,64.501,63.301,65.401,63.001,65.601,65.801,65.801,64.801,65.201,64.801,65.601,65.601,64.901,64.901,64.901,65.601,65.601,65.601,65.501,65.801,65.801,65.701,65.601,NA,65.301,65.401,65.001,64.701,65.001,65.801,NA,65.901,NA,NA,66.001,65.901,66.001,65.901,65.801,65.501,NA,65.301,NA,65.701,64.101,65.201,65.201,66.201,65.601,65.501,65.101,64.801,65.701,65.601,NA,64.101,64.901,65.901,65.601,65.401,65.701,64.601,65.401,65.901,65.501,65.401,65.801,65.801,65.801
KU854931,54.501,55.301,52.901,54.601,54.801,54.601,54.801,57.701,56.401,58.601,55.901,57.001,56.801,57.501,57.101,57.501,96.201,100,100.001,66.401,65.401,65.701,65.701,63.001,63.001,64.501,63.301,65.401,63.001,65.701,66.001,66.001,65.101,65.501,65.101,65.801,65.801,65.101,65.101,65.201,65.901,65.901,65.901,65.801,66.101,66.101,65.901,65.901,NA,65.301,65.401,65.001,64.701,65.001,66.001,NA,65.901,NA,NA,66.001,65.901,66.001,65.901,65.801,65.301,NA,65.201,NA,65.801,64.301,65.401,65.401,66.201,65.601,65.601,65.201,64.801,65.801,65.601,NA,64.201,64.901,65.901,65.601,65.401,65.701,64.701,65.501,65.901,65.601,65.501,65.901,65.901,65.901
KU854929,52.701,52.401,54.201,54.101,54.301,50.701,50.901,53.101,58.001,58.301,54.801,54.601,55.101,55.401,55.101,55.401,62.501,61.501,61.501,100.001,85.301,86.401,86.001,82.201,82.101,84.201,82.601,85.401,82.501,70.401,71.501,71.501,71.001,71.101,71.001,71.901,71.701,70.701,70.701,70.701,71.601,71.101,71.101,71.201,71.301,71.301,71.401,71.401,NA,68.401,68.401,68.001,67.401,67.701,69.301,NA,69.101,NA,NA,68.801,69.001,69.001,68.701,68.701,68.501,NA,68.701,NA,68.701,67.601,68.501,68.401,68.201,68.101,68.001,68.101,67.501,68.001,68.801,NA,67.601,67.601,68.701,68.201,68.201,68.401,67.801,68.401,68.401,68.401,68.301,68.501,68.501,68.501
SRR11190802C,54.501,52.201,52.601,52.801,53.001,53.001,53.201,56.401,54.701,54.701,55.301,57.001,57.001,57.401,57.301,57.601,63.901,62.801,62.801,88.501,100.001,93.501,92.001,89.601,89.301,90.001,88.801,90.901,89.401,70.101,70.601,70.601,70.501,70.501,70.401,71.301,70.901,70.301,70.301,70.301,70.801,70.901,70.901,71.001,70.901,70.901,71.101,71.101,NA,67.901,68.201,67.601,66.701,66.801,68.001,NA,67.801,NA,NA,67.601,67.901,67.901,67.701,67.601,67.601,NA,68.001,NA,67.801,66.801,67.701,67.801,67.301,67.501,67.501,67.401,66.901,67.501,68.201,NA,67.001,67.001,68.001,67.701,67.401,67.601,67.001,67.801,67.701,67.501,67.401,67.701,67.801,67.801
KP090203,50.901,52.101,54.201,53.101,53.301,52.801,53.001,51.601,54.101,55.701,55.801,56.401,57.301,55.701,54.901,55.901,63.501,62.101,62.101,88.601,92.901,100.001,94.701,89.601,89.501,91.601,90.001,93.001,90.101,70.401,71.101,71.101,70.401,70.401,70.301,70.901,71.001,70.401,70.401,70.401,70.901,70.901,70.901,70.701,70.601,70.601,70.701,70.701,NA,67.901,68.101,67.701,66.901,67.001,68.401,NA,68.201,NA,NA,68.101,68.201,68.201,67.901,67.901,67.501,NA,68.001,NA,67.501,66.401,67.301,67.401,67.201,67.301,67.301,67.201,66.801,67.201,68.201,NA,66.801,66.901,68.001,67.701,67.601,67.401,67.001,67.701,67.701,67.501,67.501,67.801,67.801,67.801
AY366207,50.601,50.901,53.101,55.701,53.701,53.001,53.201,53.601,55.001,54.901,55.201,55.901,56.701,54.901,54.801,55.101,63.401,62.101,62.101,88.601,93.401,95.601,100.001,89.501,89.301,92.201,90.101,93.701,89.901,69.901,70.701,70.701,70.001,70.101,69.901,70.601,70.501,69.901,69.901,70.001,70.401,70.601,70.601,70.301,70.501,70.501,70.601,70.501,NA,68.001,68.101,67.801,66.901,67.101,68.301,NA,68.001,NA,NA,67.901,68.201,68.201,67.901,67.801,68.101,NA,68.501,NA,67.901,66.701,67.701,67.701,67.701,67.701,67.701,67.401,67.201,67.701,68.201,NA,66.901,67.001,68.101,68.001,67.701,67.901,67.201,68.101,67.801,67.501,67.401,68.101,68.101,68.101
SRR11190798C,49.801,49.301,51.601,51.201,49.901,50.201,50.401,49.301,52.301,52.001,51.701,53.601,53.001,53.001,52.501,53.101,60.501,59.901,59.901,85.001,91.001,90.701,90.701,100.001,99.701,91.701,92.301,91.401,93.801,67.301,68.201,68.201,67.901,68.001,68.001,68.501,67.901,68.001,68.001,68.101,67.901,68.001,68.001,67.901,68.201,68.101,67.901,67.901,NA,65.501,65.301,65.201,64.701,64.801,65.301,NA,65.201,NA,NA,65.401,65.701,65.701,65.501,65.401,65.001,NA,65.201,NA,64.901,63.901,64.801,64.801,65.001,64.701,64.701,64.701,64.401,64.701,65.501,NA,64.801,64.601,65.301,65.101,65.301,65.101,64.701,65.101,64.901,64.901,64.901,65.101,65.101,65.101
SRR11190801C,49.301,49.001,51.201,50.801,49.401,49.601,49.801,49.201,51.801,51.601,50.901,53.101,52.701,52.701,52.201,52.801,60.501,59.801,59.801,84.701,90.301,90.701,90.401,99.301,100.001,91.901,92.501,91.401,94.001,67.201,68.101,68.101,67.801,67.901,67.601,68.401,67.801,67.901,67.901,67.901,67.801,67.901,67.901,67.801,68.101,68.001,67.801,67.801,NA,65.201,65.401,65.101,64.601,64.501,65.201,NA,65.301,NA,NA,65.201,65.501,65.501,65.301,65.301,64.901,NA,65.101,NA,64.801,63.901,64.701,64.801,64.601,64.601,64.601,64.701,64.401,64.601,65.401,NA,64.701,64.501,65.301,65.001,65.001,65.001,64.701,65.001,64.801,64.901,64.801,65.001,65.101,65.001
SRR11603189C,49.101,51.001,53.401,52.001,50.401,52.201,52.401,53.901,53.501,55.201,55.001,55.401,54.401,53.901,53.901,54.101,62.501,61.901,61.901,86.101,91.301,93.501,93.101,91.601,91.701,100.001,96.101,96.901,92.601,69.101,69.701,69.701,69.201,69.101,69.101,69.601,69.701,69.101,69.101,69.101,69.601,69.601,69.601,69.801,69.401,69.401,69.401,69.401,NA,66.701,66.701,66.401,65.901,65.901,66.901,NA,66.601,NA,NA,66.601,66.901,66.901,66.701,66.701,66.301,NA,66.601,NA,66.401,65.501,66.301,66.301,66.101,66.101,66.001,66.001,65.701,66.101,66.801,NA,65.801,65.801,66.301,66.001,66.101,66.201,65.801,66.201,66.101,66.201,66.201,66.301,66.301,66.301
SRR11603187C,48.301,49.601,51.701,51.301,49.101,50.701,50.901,52.801,52.401,54.101,53.601,53.601,53.101,53.001,52.801,53.101,61.301,60.601,60.601,85.101,90.301,91.301,91.001,92.801,92.901,96.201,100.001,93.401,93.601,67.401,68.101,68.101,67.901,67.801,67.701,68.501,68.301,67.701,67.801,67.801,68.201,68.101,68.101,68.201,68.201,68.201,68.201,68.201,NA,65.401,65.401,65.301,64.901,64.901,65.501,NA,65.201,NA,NA,65.301,65.501,65.501,65.401,65.301,65.001,NA,65.301,NA,65.001,64.301,65.001,65.001,64.901,64.901,64.801,64.801,64.701,64.901,65.501,NA,64.901,64.801,65.201,64.801,64.901,65.101,64.801,65.001,64.901,65.101,65.001,65.001,65.001,65.001
SRR11603183B,49.801,51.201,54.101,52.001,53.301,52.001,52.201,53.201,53.801,54.601,55.201,56.101,56.001,54.801,54.301,54.901,63.401,63.001,63.001,88.201,93.201,95.401,95.101,92.001,91.901,96.801,93.701,100.001,92.601,69.801,70.801,70.801,70.101,70.101,70.001,70.401,70.701,69.901,69.901,69.901,70.301,70.501,70.501,70.201,70.301,70.301,70.301,70.301,NA,67.701,67.701,67.201,66.401,66.501,67.801,NA,67.501,NA,NA,67.401,67.801,67.801,67.401,67.501,67.401,NA,67.701,NA,67.401,66.401,67.201,67.301,67.201,67.001,67.001,67.001,66.401,67.001,67.801,NA,66.701,66.701,67.401,67.301,67.301,67.101,66.901,67.401,67.301,67.401,67.301,67.401,67.401,67.401
SRR11603184B,49.401,49.901,52.101,51.701,50.901,50.001,50.201,49.601,52.101,52.601,52.801,53.701,53.301,53.301,52.801,53.501,61.901,61.101,61.101,85.801,91.601,91.701,91.601,94.501,94.801,92.901,94.201,93.501,100.001,67.401,67.901,67.901,67.701,67.701,67.601,68.001,68.101,67.801,67.801,67.801,67.701,68.101,68.101,68.001,68.101,68.101,68.101,68.001,NA,65.301,65.301,65.001,64.601,64.601,65.501,NA,65.001,NA,NA,65.101,65.301,65.301,65.101,65.101,65.301,NA,65.501,NA,64.801,64.001,64.801,64.801,64.501,64.601,64.601,64.501,64.401,64.501,65.301,NA,64.701,64.601,65.001,64.901,64.901,64.901,64.701,65.001,65.001,65.101,65.001,64.901,64.901,64.901
MG210801,53.101,54.801,54.101,52.801,51.101,56.301,56.501,55.401,56.701,57.201,55.601,54.101,55.701,56.501,56.201,56.201,59.901,59.701,59.701,72.101,70.901,72.401,70.101,69.101,68.801,70.201,69.001,71.601,68.401,100.001,98.601,98.601,97.301,97.801,97.301,98.001,98.101,97.301,97.201,97.401,98.501,98.401,98.401,98.101,98.301,98.301,98.401,98.401,NA,68.601,68.701,68.301,67.201,67.401,69.101,NA,68.901,NA,NA,68.601,68.901,68.901,68.601,68.601,69.601,NA,69.701,NA,69.801,68.901,70.101,70.001,69.801,69.601,69.601,69.701,69.201,69.701,69.801,NA,68.601,69.001,69.701,69.301,69.301,69.501,68.901,69.701,69.701,69.501,69.401,69.701,69.701,69.701
SRR11190800B,51.901,54.301,54.401,52.601,50.801,55.801,56.001,54.901,56.501,56.801,57.501,53.601,54.601,55.601,54.601,55.201,60.701,59.501,59.501,72.401,71.201,72.401,70.101,68.601,68.101,70.201,69.001,71.601,68.401,98.401,100.001,100,97.501,98.001,97.601,98.301,98.301,97.501,97.401,97.501,98.601,98.501,98.501,98.201,98.401,98.401,98.501,98.501,NA,69.301,69.401,69.201,67.801,68.001,69.701,NA,69.701,NA,NA,69.301,69.401,69.401,69.201,69.201,70.301,NA,70.601,NA,70.601,69.701,70.901,70.801,70.401,70.201,70.201,70.301,69.701,70.301,70.301,NA,69.301,69.601,70.101,70.001,69.901,70.001,69.601,70.401,70.301,70.101,70.001,70.101,70.101,70.101
SRR11190791B,51.901,54.301,54.401,52.601,50.801,55.801,56.001,54.901,56.501,56.801,57.501,53.601,54.601,55.601,54.601,55.201,60.701,59.501,59.501,72.401,71.201,72.401,70.101,68.601,68.101,70.201,69.001,71.601,68.401,98.401,100,100.001,97.501,98.001,97.601,98.301,98.301,97.501,97.401,97.501,98.601,98.501,98.501,98.201,98.401,98.401,98.501,98.501,NA,69.301,69.401,69.201,67.801,68.001,69.701,NA,69.701,NA,NA,69.301,69.401,69.401,69.201,69.201,70.301,NA,70.601,NA,70.601,69.701,70.901,70.801,70.401,70.201,70.201,70.301,69.701,70.301,70.301,NA,69.301,69.601,70.101,70.001,69.901,70.001,69.601,70.401,70.301,70.101,70.001,70.101,70.101,70.101
SRR11190802D,51.401,53.601,53.401,51.201,49.501,53.201,53.401,54.201,55.101,56.301,57.301,52.201,54.301,54.901,53.801,54.601,59.801,58.501,58.501,70.901,70.201,71.301,69.301,68.301,68.001,69.601,68.801,71.001,68.001,96.801,97.201,97.201,100.001,98.201,97.901,97.501,97.601,97.601,97.501,97.601,97.601,97.501,97.501,97.401,97.401,97.301,97.501,97.501,NA,68.701,68.701,68.601,67.301,67.501,69.201,NA,69.001,NA,NA,68.401,68.501,68.501,68.501,68.501,69.501,NA,69.901,NA,69.701,69.001,69.901,69.901,69.601,69.401,69.401,69.501,69.001,69.501,69.501,NA,68.601,68.801,69.501,69.301,69.201,69.301,68.801,69.601,69.601,69.301,69.201,69.501,69.501,69.501
SRR11190801D,51.501,54.001,52.301,52.801,49.501,52.001,52.201,55.101,55.901,56.101,55.101,52.701,54.301,54.601,54.401,54.301,60.201,58.801,58.801,72.501,70.501,71.901,69.601,68.101,67.801,69.601,68.701,71.001,68.001,97.801,98.101,98.101,97.801,100.001,99.501,98.101,98.201,98.101,98.001,98.101,98.101,97.901,97.901,97.901,97.901,97.901,98.101,98.101,NA,68.801,68.901,68.701,67.401,67.501,69.201,NA,69.101,NA,NA,68.701,68.901,68.901,68.701,68.701,69.801,NA,70.101,NA,69.901,69.101,70.101,70.101,69.601,69.501,69.501,69.501,69.101,69.601,69.601,NA,68.601,69.001,69.601,69.401,69.301,69.501,68.901,69.701,69.701,69.401,69.301,69.601,69.601,69.601
SRR11190798D,51.901,53.901,52.301,52.801,49.501,52.001,52.201,54.001,55.701,56.101,55.101,52.501,54.101,54.401,54.301,54.101,59.901,58.801,58.801,71.601,70.401,71.401,69.501,68.001,67.701,69.401,68.501,70.401,67.801,97.501,97.801,97.801,97.501,99.701,100.001,97.801,97.901,97.801,97.701,97.701,97.801,97.601,97.601,97.601,97.601,97.501,97.701,97.701,NA,68.601,68.701,68.501,67.301,67.401,69.201,NA,68.901,NA,NA,68.301,68.701,68.701,68.501,68.501,69.601,NA,70.201,NA,69.701,68.901,69.901,69.901,69.501,69.301,69.301,69.401,69.001,69.401,69.401,NA,68.501,68.801,69.401,69.201,69.201,69.201,68.801,69.501,69.501,69.201,69.201,69.401,69.401,69.401
SRR11190795D,51.701,54.501,53.901,53.001,50.801,55.501,55.701,55.301,56.301,57.101,57.201,53.501,55.101,56.001,54.901,55.701,61.001,59.401,59.401,72.201,70.801,71.801,69.901,68.401,68.101,70.001,68.801,71.501,68.301,98.801,99.101,99.101,97.601,98.701,98.401,100.001,98.801,97.501,97.501,97.601,98.201,98.101,98.101,98.001,98.101,98.101,98.201,98.201,NA,69.101,69.201,68.901,67.601,67.701,69.601,NA,69.401,NA,NA,68.701,69.101,69.201,69.001,68.901,70.201,NA,70.601,NA,70.501,69.601,70.701,70.601,70.301,70.101,70.101,70.201,69.601,70.201,70.201,NA,69.101,69.601,70.301,70.001,69.901,70.101,69.501,70.301,70.301,70.001,69.901,70.301,70.301,70.301
JF930327,51.301,54.201,53.701,52.101,51.001,56.501,56.701,55.301,56.001,56.801,57.301,53.301,55.401,56.001,54.801,55.701,60.701,59.101,59.101,72.101,70.501,71.501,69.601,68.101,67.801,69.701,68.501,71.201,68.001,98.401,98.701,98.701,97.301,98.201,97.901,99.601,100.001,97.501,97.401,97.501,98.301,98.101,98.101,97.901,98.001,98.001,98.101,98.101,NA,69.501,69.501,69.301,67.801,68.201,69.801,NA,69.601,NA,NA,69.001,69.401,69.401,69.201,69.201,70.201,NA,70.401,NA,70.501,69.701,70.701,70.701,70.301,70.201,70.201,70.301,69.701,70.301,70.301,NA,69.301,69.701,70.301,70.101,69.901,70.101,69.701,70.401,70.401,70.101,70.001,70.501,70.501,70.501
SRR11603182B,53.001,54.301,52.601,52.401,49.501,54.601,54.801,55.101,55.201,56.001,54.901,53.101,54.601,54.801,54.401,54.401,58.701,58.601,58.601,70.801,69.601,70.501,68.701,67.401,67.101,69.301,68.101,70.501,67.301,96.901,97.101,97.101,96.001,97.101,96.801,97.501,97.101,100.001,99.701,99.801,97.701,97.501,97.501,97.501,97.501,97.501,97.601,97.601,NA,68.501,68.601,68.401,67.201,67.401,69.001,NA,68.901,NA,NA,68.201,68.601,68.601,68.401,68.401,69.401,NA,69.601,NA,69.601,68.701,69.801,69.801,69.401,69.301,69.301,69.301,68.901,69.301,69.301,NA,68.501,68.801,69.401,69.201,69.001,69.201,68.601,69.501,69.501,69.201,69.101,69.301,69.401,69.301
SRR11603184C,53.001,54.801,51.501,51.801,49.801,53.801,53.901,55.101,55.201,56.301,55.201,53.101,54.401,54.801,54.401,54.401,58.501,58.501,58.501,70.901,69.601,70.501,68.701,67.401,67.101,69.001,67.801,70.501,67.301,97.101,97.101,97.101,96.201,97.501,97.201,97.601,97.201,99.301,100.001,99.701,97.601,97.401,97.401,97.501,97.401,97.401,97.501,97.501,NA,68.401,68.501,68.401,67.201,67.401,69.001,NA,68.901,NA,NA,68.201,68.501,68.501,68.301,68.001,69.401,NA,69.601,NA,69.601,68.701,69.701,69.701,69.301,69.201,69.201,69.301,68.801,69.301,69.301,NA,68.501,68.801,69.401,69.101,69.101,69.101,68.601,69.501,69.501,69.201,69.101,69.401,69.401,69.401
SRR11603183C,53.001,54.601,51.301,51.601,49.701,54.801,54.901,55.101,55.401,56.101,55.101,53.001,54.801,54.801,54.401,54.401,58.501,58.501,58.501,70.901,69.601,70.501,68.701,67.401,67.101,69.001,67.801,70.501,67.301,97.101,97.101,97.101,96.201,97.501,97.201,97.601,97.201,99.601,99.701,100.001,97.701,97.501,97.501,97.501,97.501,97.501,97.601,97.601,NA,68.501,68.601,68.401,67.301,67.401,69.001,NA,68.901,NA,NA,68.201,68.601,68.701,68.401,68.501,69.501,NA,69.701,NA,69.601,68.801,69.801,69.801,69.401,69.301,69.301,69.401,68.901,69.301,69.401,NA,68.501,68.801,69.401,69.201,69.001,69.201,68.601,69.601,69.501,69.201,69.101,69.401,69.401,69.401
SRR11190793B,52.101,54.501,53.201,52.001,50.501,55.201,55.301,54.601,55.101,56.401,56.501,52.801,54.301,55.701,55.201,55.401,60.401,59.201,59.201,72.101,70.901,72.201,69.901,69.001,68.701,70.001,68.801,71.501,68.801,98.201,98.101,98.101,96.601,97.601,97.301,98.501,98.101,96.801,96.901,96.901,100.001,98.801,98.801,98.501,98.701,98.701,98.801,98.801,NA,68.901,69.001,68.801,67.701,67.701,69.601,NA,69.401,NA,NA,68.901,69.101,69.101,68.801,68.801,70.101,NA,70.401,NA,70.401,69.501,70.601,70.601,70.101,70.001,70.001,70.101,69.501,70.101,70.101,NA,69.101,69.501,70.201,69.901,69.801,70.001,69.401,70.201,70.201,69.801,69.701,70.101,70.101,70.101
SRR11190796D,51.101,54.601,52.601,52.801,51.901,55.001,55.201,54.501,57.101,57.201,56.801,53.301,54.901,56.401,56.001,56.001,60.701,59.201,59.201,72.201,70.901,71.501,69.801,68.401,68.101,70.301,69.001,71.501,68.101,97.501,97.601,97.601,96.601,97.201,96.901,98.101,97.601,96.001,96.201,96.201,97.801,100.001,100,98.401,98.501,98.501,98.701,98.701,NA,69.101,69.201,69.001,67.701,67.801,69.601,NA,69.501,NA,NA,69.101,69.201,69.201,69.101,69.101,70.001,NA,70.401,NA,70.301,69.501,70.501,70.501,70.101,70.001,70.001,70.101,69.601,70.101,70.101,NA,69.001,69.501,70.101,69.701,69.701,70.001,69.401,70.201,70.101,69.901,69.801,70.101,70.101,70.101
SRR11190797D,50.901,54.601,52.601,52.501,51.901,55.001,55.201,54.301,56.901,57.201,55.201,53.301,54.901,56.401,56.001,56.001,60.401,59.101,59.101,71.501,70.901,71.901,69.801,69.001,68.701,70.301,69.001,71.501,68.101,97.501,97.601,97.601,96.601,97.201,96.901,98.101,97.601,96.001,96.201,96.201,97.801,99.701,100.001,98.401,98.501,98.501,98.701,98.701,NA,69.101,69.201,69.001,67.701,67.801,69.601,NA,69.501,NA,NA,69.101,69.201,69.201,69.101,69.101,70.001,NA,70.401,NA,70.301,69.501,70.501,70.501,70.101,70.001,70.001,70.101,69.601,70.101,70.101,NA,69.101,69.501,70.101,69.701,69.701,70.001,69.401,70.201,70.101,69.901,69.801,70.101,70.101,70.101
SRR11603191C,51.501,54.301,52.901,50.801,51.301,55.801,56.001,54.301,55.201,56.101,55.201,53.501,55.401,54.901,54.801,54.601,59.001,58.501,58.501,70.601,70.801,71.401,69.501,68.001,67.701,69.401,68.201,70.901,67.801,97.301,97.301,97.301,95.901,97.201,96.901,97.801,97.601,96.001,96.201,96.201,97.101,96.601,96.601,100.001,99.101,99.001,99.101,99.201,NA,68.901,69.001,68.801,67.601,67.701,69.501,NA,69.401,NA,NA,68.701,69.101,69.201,68.901,68.901,70.001,NA,70.301,NA,70.101,69.401,70.401,70.401,69.901,69.801,69.801,69.901,69.301,69.901,69.801,NA,68.701,69.201,69.901,69.601,69.501,69.601,69.201,70.001,70.001,69.701,69.601,69.901,69.901,69.901
SRR11603189D,52.101,54.801,53.101,52.301,51.001,56.001,56.201,54.301,55.201,56.801,57.201,56.201,55.601,55.601,55.401,55.201,60.101,58.801,58.801,71.901,71.201,72.201,69.901,69.001,68.701,70.001,68.801,71.501,68.301,97.901,98.101,98.101,96.601,97.601,97.301,98.501,98.401,96.501,96.601,96.601,97.801,97.301,97.301,98.701,100.001,99.901,99.301,99.301,NA,69.101,69.201,68.901,67.701,67.801,69.501,NA,69.401,NA,NA,69.101,69.301,69.301,69.101,69.001,70.101,NA,70.401,NA,70.201,69.301,70.401,70.401,70.001,69.901,69.901,69.901,69.401,70.001,69.901,NA,68.801,69.301,69.901,69.601,69.601,69.601,69.301,70.001,70.001,69.701,69.601,69.901,69.901,69.901
SRR11603187D,52.101,54.801,53.101,52.301,51.001,56.001,56.201,54.301,55.201,56.801,57.201,56.201,55.601,55.601,55.401,55.201,60.101,58.801,58.801,71.901,71.201,72.201,69.901,69.001,68.701,70.001,68.801,71.501,68.301,97.901,98.101,98.101,96.601,97.601,97.301,98.501,98.401,96.501,96.601,96.601,97.801,97.301,97.301,98.701,100,100.001,99.301,99.201,NA,69.101,69.201,68.901,67.701,67.801,69.501,NA,69.401,NA,NA,69.001,69.201,69.301,69.001,69.001,70.101,NA,70.401,NA,70.201,69.301,70.401,70.401,70.001,69.901,69.901,69.901,69.401,70.001,69.901,NA,68.801,69.301,69.901,69.601,69.601,69.601,69.301,70.001,70.001,69.701,69.601,69.901,69.901,69.901
SRR11603186C,51.401,54.601,53.101,51.801,51.001,56.001,56.201,54.701,55.401,56.801,55.401,53.101,55.401,54.901,55.401,54.601,59.701,58.501,58.501,71.601,71.101,72.101,69.801,68.301,68.001,69.901,68.701,71.301,68.101,98.101,97.901,97.901,96.801,97.501,97.201,98.401,98.201,96.501,96.601,96.601,97.601,97.201,97.201,98.501,99.301,99.301,100.001,100,NA,69.101,69.201,68.901,67.701,67.801,69.501,NA,69.401,NA,NA,68.901,69.201,69.201,69.001,69.001,70.101,NA,70.401,NA,70.201,69.401,70.501,70.401,70.001,69.901,69.901,70.001,69.401,70.001,70.001,NA,68.901,69.301,70.001,69.701,69.701,69.701,69.301,70.101,70.101,69.801,69.701,70.001,70.001,70.001
SRR11603190C,51.801,54.501,52.901,52.001,50.801,55.801,56.001,54.501,55.201,56.601,56.701,53.001,55.301,54.801,55.201,54.401,59.701,58.501,58.501,71.501,70.901,71.901,69.601,68.101,67.801,69.701,68.501,71.201,68.001,97.901,97.801,97.801,96.601,97.301,97.101,98.201,98.101,96.301,96.501,96.501,97.501,97.101,97.101,98.501,99.301,99.301,99.901,100.001,NA,69.001,69.101,68.901,67.701,67.701,69.501,NA,69.401,NA,NA,68.801,69.201,69.201,69.001,69.001,70.101,NA,70.401,NA,70.201,69.401,70.501,70.401,70.001,69.901,69.901,70.001,69.401,70.001,69.901,NA,68.901,69.301,70.001,69.701,69.601,69.701,69.301,70.101,70.101,69.801,69.701,70.001,70.001,70.001
KM288845,53.101,54.701,53.501,56.801,55.901,53.601,53.401,57.101,54.101,58.101,56.501,56.201,57.601,56.401,56.901,56.401,61.701,61.001,61.001,68.101,67.301,68.001,68.301,64.701,64.501,66.401,65.201,67.101,65.301,68.401,68.901,68.901,67.501,67.901,67.801,68.501,68.301,67.101,67.101,67.001,67.801,68.201,67.601,67.701,68.101,68.101,68.401,68.301,100.001,NA,NA,NA,NA,NA,NA,NA,NA,NA,NA,NA,NA,NA,NA,NA,NA,NA,NA,NA,NA,NA,NA,NA,NA,NA,NA,NA,NA,NA,NA,NA,NA,NA,NA,NA,NA,NA,NA,NA,NA,NA,NA,NA,NA,NA
SRR11190798B,52.201,55.501,52.301,54.001,52.201,54.001,53.801,54.401,55.701,53.701,55.301,55.601,55.101,55.901,56.401,56.101,59.001,58.901,58.901,65.901,65.801,66.801,65.801,63.701,63.401,65.301,64.601,65.901,64.501,67.301,67.101,67.101,66.101,66.501,66.201,67.001,67.001,66.101,66.201,66.101,66.501,66.801,66.801,67.001,67.101,67.101,67.301,67.101,81.501,100.001,99.701,95.801,94.601,94.901,94.001,NA,95.001,NA,NA,94.601,94.801,94.901,94.501,94.501,73.501,NA,73.401,NA,73.501,72.601,73.401,73.401,73.501,73.201,73.101,73.001,72.301,73.101,73.501,NA,72.301,72.301,73.101,72.501,72.901,73.001,72.401,73.301,73.101,73.001,72.901,73.401,73.401,73.401
SRR11190801B,52.201,55.501,52.301,54.001,52.201,54.001,53.801,54.101,55.401,53.701,54.601,55.301,54.901,55.701,56.201,55.901,59.001,58.901,58.901,65.901,65.801,66.801,65.801,63.701,63.401,65.301,64.601,65.901,64.501,67.101,67.001,67.001,65.901,66.401,66.201,66.801,66.801,65.901,66.101,65.901,66.401,66.701,66.701,66.801,67.001,67.001,67.101,67.001,81.501,99.901,100.001,95.701,94.601,94.901,94.001,NA,95.101,NA,NA,94.601,94.801,94.901,94.501,94.501,73.601,NA,73.401,NA,73.501,72.601,73.401,73.501,73.501,73.201,73.201,73.101,72.401,73.101,73.601,NA,72.401,72.401,73.201,72.501,73.001,73.101,72.501,73.301,73.201,73.001,73.001,73.401,73.401,73.401
SRR11190802B,53.601,55.501,54.901,55.601,56.001,56.101,56.001,54.101,58.201,56.701,57.801,57.801,56.101,56.501,58.101,56.701,59.801,60.101,60.101,67.401,67.001,68.301,67.401,64.701,64.301,65.801,64.601,67.401,65.301,68.601,68.301,68.301,67.101,67.701,67.601,68.301,68.201,67.301,67.401,67.301,67.701,67.901,67.901,66.701,66.801,66.801,67.001,66.801,81.401,93.201,93.201,100.001,94.201,94.901,93.401,NA,94.401,NA,NA,94.001,94.101,94.201,93.801,93.801,73.201,NA,73.101,NA,73.101,72.201,73.001,73.001,73.101,72.801,72.801,72.701,72.001,72.701,73.001,NA,72.101,72.001,72.801,72.201,72.501,72.701,72.201,72.901,72.701,72.601,72.501,73.001,73.001,73.001
SRR11190796B,50.801,54.201,50.701,52.301,52.001,54.401,54.201,53.901,54.701,54.301,54.201,54.601,54.001,54.001,54.801,54.301,58.301,58.301,58.301,65.401,64.101,66.001,64.801,63.001,62.601,63.301,62.601,64.701,62.901,67.601,67.701,67.701,66.201,66.801,66.701,67.401,67.301,66.501,66.701,66.501,66.801,66.801,66.801,65.901,65.901,65.901,66.101,65.901,80.501,93.901,93.901,92.901,100.001,96.901,92.301,NA,93.601,NA,NA,93.201,93.501,93.501,93.301,93.201,72.401,NA,72.201,NA,72.301,71.401,72.201,72.201,72.101,71.801,71.801,71.701,71.101,71.701,72.301,NA,71.301,71.201,71.901,71.301,71.601,71.901,71.501,72.001,71.901,71.701,71.701,72.101,72.101,72.101
SRR11190797B,49.801,52.501,50.501,52.601,51.901,54.001,54.001,54.101,56.101,54.401,54.501,55.001,54.101,54.101,55.001,54.501,59.001,58.801,58.801,65.301,64.401,66.401,65.001,63.501,63.201,64.101,63.201,65.301,64.001,67.601,67.601,67.601,66.101,66.701,66.501,67.301,67.101,66.201,66.401,66.201,66.701,66.701,66.701,65.601,65.801,65.801,65.901,65.801,80.801,94.601,94.601,92.801,96.801,100.001,92.701,NA,93.901,NA,NA,93.501,93.801,93.901,93.501,93.501,72.301,NA,72.201,NA,72.201,71.201,72.001,72.101,72.001,71.801,71.701,71.501,70.901,71.601,72.201,NA,71.201,71.101,71.801,71.201,71.501,71.901,71.301,71.901,71.801,71.701,71.701,72.001,72.001,72.001
AY366208,52.201,53.801,56.201,53.801,53.201,56.601,56.501,57.201,57.801,56.301,56.701,59.301,57.301,58.301,60.101,58.401,61.301,61.601,61.601,67.601,66.101,68.001,66.801,64.201,63.701,65.301,64.001,67.001,64.601,69.401,69.201,69.201,68.201,68.601,68.501,69.201,68.801,68.001,68.201,68.001,68.501,68.501,68.501,67.601,67.701,67.701,67.801,67.701,81.901,92.801,92.801,96.301,92.601,92.001,100.001,NA,95.501,NA,NA,94.801,95.001,95.101,94.701,94.701,73.901,NA,73.601,NA,73.801,73.001,73.601,73.801,73.801,73.401,73.401,73.201,72.401,73.301,73.901,NA,72.501,72.601,73.401,72.801,73.201,73.401,72.801,73.601,73.401,73.301,73.201,73.801,73.801,73.801
KM288844,52.201,55.701,53.301,56.201,55.001,55.201,55.001,57.001,57.701,56.301,57.801,57.701,57.401,56.801,57.601,56.901,60.701,60.001,60.001,67.301,66.501,68.301,67.101,64.601,64.001,65.501,64.201,67.101,64.901,68.901,68.901,68.901,67.601,68.201,68.001,68.601,68.501,67.901,67.901,67.701,68.201,68.301,68.301,67.301,67.401,67.401,67.601,67.401,81.201,92.201,92.201,95.701,92.301,91.601,95.701,100.001,NA,NA,NA,NA,NA,NA,NA,NA,NA,NA,NA,NA,NA,NA,NA,NA,NA,NA,NA,NA,NA,NA,NA,NA,NA,NA,NA,NA,NA,NA,NA,NA,NA,NA,NA,NA,NA,NA
JF930326,52.101,54.801,56.901,54.801,55.101,55.201,55.001,57.201,57.601,56.401,55.901,57.301,58.101,57.101,58.301,57.301,61.401,61.001,61.001,67.101,65.901,68.001,67.001,64.301,63.901,65.501,64.001,67.101,64.701,68.601,68.601,68.601,67.601,68.001,67.901,68.601,68.501,67.401,67.601,67.401,68.001,68.201,68.201,66.801,67.101,67.101,67.001,66.801,81.801,93.001,93.001,96.301,93.001,92.201,96.301,97.401,100.001,NA,NA,96.701,97.001,97.201,96.801,96.801,74.201,NA,73.901,NA,74.001,73.101,73.901,74.101,73.801,73.501,73.401,73.401,72.501,73.301,74.101,NA,72.701,72.901,73.501,72.901,73.301,73.601,73.001,73.701,73.601,73.501,73.401,74.101,74.101,74.101
KM288843,51.501,54.501,54.101,53.401,55.601,55.701,55.501,55.101,56.501,55.801,56.501,56.601,56.801,57.601,57.501,57.701,60.001,60.601,60.601,67.701,66.201,68.301,67.001,64.301,64.001,65.501,64.201,67.301,64.901,68.601,68.601,68.601,67.401,68.001,67.901,68.601,68.201,67.401,67.601,67.401,68.001,68.201,68.201,66.801,67.101,67.101,66.801,66.701,81.601,92.201,92.201,95.901,93.501,92.001,96.501,96.901,97.801,100.001,NA,NA,NA,NA,NA,NA,NA,NA,NA,NA,NA,NA,NA,NA,NA,NA,NA,NA,NA,NA,NA,NA,NA,NA,NA,NA,NA,NA,NA,NA,NA,NA,NA,NA,NA,NA
KM288842,51.501,54.601,55.301,53.801,54.501,55.601,55.501,56.801,56.501,55.301,56.501,56.501,56.601,57.401,57.901,57.601,60.001,60.601,60.601,67.601,66.101,68.001,66.801,64.301,63.901,65.201,63.901,66.801,64.601,68.301,68.301,68.301,67.301,67.701,67.601,68.301,67.901,67.101,67.301,67.101,67.701,67.901,67.901,66.501,66.801,66.801,66.501,66.401,81.501,92.101,92.101,95.401,93.001,91.401,96.301,96.501,97.401,99.301,100.001,NA,NA,NA,NA,NA,NA,NA,NA,NA,NA,NA,NA,NA,NA,NA,NA,NA,NA,NA,NA,NA,NA,NA,NA,NA,NA,NA,NA,NA,NA,NA,NA,NA,NA,NA
SRR11603191B,52.301,56.101,56.901,55.101,55.101,55.201,55.401,54.801,57.901,55.501,59.201,56.501,56.801,57.301,57.701,57.201,60.901,60.301,60.301,67.401,66.501,67.601,67.301,64.701,64.301,65.801,64.501,66.401,65.201,69.401,69.401,69.401,68.201,68.801,68.601,69.401,68.901,68.001,68.201,68.001,68.801,69.401,69.401,68.301,68.601,68.601,68.501,68.301,80.901,92.501,92.501,95.901,92.401,91.701,95.901,96.601,97.801,97.401,96.901,100.001,98.701,98.901,98.601,98.501,73.801,NA,73.501,NA,73.701,73.301,73.801,74.001,73.701,73.401,73.301,73.301,72.501,73.301,74.001,NA,72.501,72.501,73.501,72.701,73.101,73.401,72.801,73.501,73.501,73.301,73.201,74.101,74.101,74.101
SRR11603189B,52.301,56.001,54.101,52.601,56.301,55.201,55.401,54.201,57.901,55.101,58.101,56.101,56.501,57.001,57.401,56.801,60.501,60.201,60.201,67.601,66.501,67.601,67.401,64.701,64.301,65.801,64.501,66.401,65.201,69.201,69.101,69.101,67.901,68.501,68.301,69.101,68.601,68.001,68.201,68.001,68.501,69.101,69.101,68.301,68.301,68.301,68.301,68.201,80.901,92.501,92.501,96.201,93.001,92.201,96.201,96.901,97.701,97.501,97.101,99.301,100.001,99.601,98.801,98.801,73.801,NA,73.401,NA,73.901,73.101,73.901,74.101,73.801,73.401,73.401,73.301,72.501,73.301,74.201,NA,72.701,72.701,73.501,72.801,73.301,73.601,73.001,73.701,73.601,73.401,73.301,73.901,73.901,73.901
SRR11603187B,52.501,56.301,54.301,52.801,56.601,55.401,55.501,54.501,58.201,55.401,56.401,57.501,56.801,57.301,57.701,57.201,60.701,60.301,60.301,67.701,66.701,67.701,67.601,64.901,64.501,65.901,64.601,66.501,65.301,69.501,69.201,69.201,68.001,68.601,68.501,69.201,68.801,68.001,68.201,68.001,68.601,69.201,69.201,68.501,68.601,68.601,68.801,68.601,81.401,93.001,93.001,96.501,92.901,92.301,96.501,97.201,97.901,97.701,97.201,99.301,99.401,100.001,99.001,99.001,73.901,NA,73.501,NA,74.001,73.201,74.001,74.101,73.801,73.501,73.401,73.401,72.501,73.301,74.201,NA,72.701,72.701,73.601,72.901,73.301,73.601,73.001,73.701,73.701,73.401,73.401,73.901,73.901,73.901
SRR11603186B,52.301,56.101,55.601,52.601,56.301,55.001,55.201,54.301,58.201,55.201,56.001,57.201,56.501,57.001,57.801,56.801,60.501,61.001,61.001,67.801,66.701,67.801,67.701,65.301,64.901,66.101,64.901,66.701,65.601,69.401,69.101,69.101,67.901,68.501,68.301,69.101,68.601,67.901,68.001,67.901,68.501,69.101,69.101,68.301,68.501,68.501,68.601,68.501,81.101,92.401,92.401,96.001,93.001,92.501,96.001,96.901,97.401,97.201,96.801,98.701,99.001,99.301,100.001,99.701,73.901,NA,73.401,NA,73.801,72.901,73.501,73.701,73.301,73.001,72.901,72.901,72.301,72.801,73.701,NA,72.401,72.401,73.201,72.601,72.901,73.301,72.601,73.401,73.301,73.101,73.001,73.601,73.601,73.601
SRR11603190B,52.301,56.101,55.601,52.601,56.301,55.001,55.201,54.301,58.201,55.201,56.001,57.201,56.501,57.001,57.801,56.801,60.501,61.001,61.001,67.801,66.701,67.801,67.701,65.301,64.901,66.101,64.901,66.701,65.601,69.401,69.101,69.101,67.901,68.501,68.301,69.101,68.601,67.901,68.001,67.901,68.501,69.101,69.101,68.301,68.501,68.501,68.601,68.501,81.101,92.401,92.401,96.001,93.001,92.501,96.001,96.901,97.401,97.201,96.801,98.701,99.001,99.301,100,100.001,73.901,NA,73.401,NA,73.801,72.801,73.601,73.801,73.301,73.001,72.901,72.901,72.301,72.801,73.701,NA,72.401,72.401,73.201,72.601,72.901,73.301,72.601,73.401,73.301,73.101,73.001,73.601,73.601,73.601
JF937699,51.701,57.301,55.701,52.301,52.801,50.101,50.201,53.801,54.201,53.901,56.401,56.001,57.301,56.501,57.201,56.701,62.501,60.201,60.201,69.801,69.201,69.801,69.901,65.801,65.501,67.601,66.101,68.701,66.801,69.601,69.601,69.601,68.901,69.501,69.201,69.801,69.301,68.401,68.901,68.701,69.801,69.201,69.201,68.901,69.301,69.301,69.301,69.201,72.901,73.301,73.201,73.301,71.801,71.801,72.901,73.601,73.201,73.001,73.201,73.601,73.501,73.701,72.901,72.901,100.001,NA,97.601,NA,77.401,76.701,77.401,77.501,77.401,77.301,77.301,77.001,76.401,77.301,77.501,NA,76.301,76.501,77.201,76.801,77.201,77.401,76.601,77.301,77.201,77.401,77.301,77.601,77.601,77.601
KM288846,51.901,56.001,54.801,52.601,52.001,52.801,52.901,54.801,54.301,52.701,56.201,55.401,56.701,56.001,56.701,56.201,62.601,61.201,61.201,69.301,68.601,69.501,69.301,65.501,65.301,67.701,66.101,68.701,66.501,70.201,70.201,70.201,69.501,70.101,69.801,70.401,69.901,69.001,69.501,69.301,70.401,69.801,69.801,69.501,69.901,69.901,69.901,69.801,73.001,73.601,73.501,73.601,72.301,72.201,73.901,73.901,73.501,73.601,73.501,73.901,73.701,74.001,73.001,73.001,97.801,100.001,NA,NA,NA,NA,NA,NA,NA,NA,NA,NA,NA,NA,NA,NA,NA,NA,NA,NA,NA,NA,NA,NA,NA,NA,NA,NA,NA,NA
KX883791,52.401,56.501,55.301,50.801,52.301,51.101,51.301,53.501,54.401,53.101,56.001,54.901,57.001,56.001,56.401,56.201,62.101,60.901,60.901,69.501,68.901,69.601,69.601,65.801,65.501,67.301,65.801,68.401,66.501,69.901,69.601,69.601,69.001,69.801,69.501,70.101,69.601,68.701,69.201,69.001,70.101,69.601,69.601,69.201,69.601,69.601,69.601,69.501,72.701,73.301,73.201,73.301,72.001,71.801,73.901,73.501,73.201,73.001,73.201,73.601,73.501,73.701,72.701,72.701,97.801,98.001,100.001,NA,77.301,76.201,77.301,77.401,77.401,77.301,77.301,77.001,76.401,77.301,77.301,NA,76.101,76.401,77.301,76.801,77.001,77.301,76.301,77.101,77.001,77.101,77.001,77.601,77.601,77.601
KM288847,51.901,57.001,54.801,52.101,52.301,51.101,51.301,58.401,54.601,53.601,56.701,55.201,57.201,56.401,56.801,56.501,62.001,59.901,59.901,69.801,69.301,70.101,70.101,65.901,65.601,67.801,66.401,68.901,66.801,70.101,69.801,69.801,69.201,69.901,69.601,70.201,69.801,68.901,69.301,69.201,70.201,69.601,69.601,69.301,69.801,69.801,69.801,69.601,72.901,73.601,73.501,73.601,71.501,71.901,74.501,73.901,73.501,73.601,73.701,73.201,73.001,74.001,73.001,73.001,97.701,97.801,98.701,100.001,NA,NA,NA,NA,NA,NA,NA,NA,NA,NA,NA,NA,NA,NA,NA,NA,NA,NA,NA,NA,NA,NA,NA,NA,NA,NA
15H03_cons,55.001,56.201,55.101,54.101,55.401,55.101,55.301,53.401,55.001,58.401,55.201,55.501,55.501,55.701,57.101,55.701,61.101,61.101,61.101,68.001,69.901,69.801,69.301,67.001,66.701,68.301,67.001,68.901,67.701,67.001,68.301,68.301,67.001,67.301,67.001,67.101,66.701,65.601,65.601,65.501,66.801,67.301,67.101,67.701,68.201,68.201,68.201,68.001,70.801,71.701,71.601,71.901,70.201,70.301,72.101,71.901,71.601,71.901,71.301,72.001,72.001,72.101,72.101,72.101,77.201,77.501,77.001,77.501,100.001,96.801,98.001,98.101,95.701,95.101,95.101,95.201,94.401,95.201,95.801,NA,94.101,94.601,95.801,95.001,95.401,95.701,94.601,95.701,95.701,95.301,95.201,95.801,95.801,95.801
19JSF_sty,54.701,54.501,53.801,52.701,54.801,52.501,52.601,54.901,54.801,58.401,55.501,55.701,56.001,55.801,57.301,55.801,60.601,60.501,60.501,68.001,69.601,69.201,68.901,66.701,66.501,67.901,66.801,68.601,67.401,67.101,68.201,68.201,67.001,67.401,67.101,67.301,66.801,65.801,65.901,65.801,67.001,67.401,67.301,67.901,68.301,68.301,68.201,68.001,70.501,71.601,71.401,71.101,69.901,69.801,71.401,71.101,70.801,71.101,70.501,71.301,71.301,71.401,71.401,71.401,76.601,76.901,76.401,76.901,98.101,100.001,97.201,97.201,94.301,93.901,93.901,94.001,93.401,94.001,94.501,NA,93.101,93.501,94.701,94.001,94.401,94.701,93.701,94.501,94.501,94.301,94.201,94.601,94.601,94.601
15H04_cons,57.101,57.101,55.201,53.501,56.401,52.901,53.101,53.801,55.601,59.601,56.001,56.101,56.301,56.501,57.601,56.501,61.201,61.401,61.401,68.701,70.201,69.801,69.501,67.301,67.001,68.401,67.101,69.201,67.901,67.601,68.901,68.901,67.401,67.901,67.601,67.701,67.301,66.401,66.401,66.201,67.401,67.901,67.701,68.301,68.801,68.801,68.601,68.501,71.401,71.701,71.601,71.701,70.001,70.301,72.101,71.701,71.401,71.701,71.101,71.901,71.901,72.001,72.001,72.001,77.201,77.501,77.001,77.501,97.801,97.601,100.001,99.801,95.601,95.101,95.101,95.101,94.401,95.201,95.801,NA,94.001,94.601,96.001,95.201,95.501,95.901,94.601,95.801,95.701,95.301,95.101,95.801,95.801,95.801
15H06_cons,56.601,57.101,55.401,53.701,56.501,53.801,53.901,53.701,55.301,59.401,56.001,56.101,56.501,56.501,57.801,56.501,61.101,61.401,61.401,68.701,70.101,69.501,69.001,66.801,66.501,68.001,66.701,68.701,67.401,67.601,68.901,68.901,67.401,67.901,67.601,67.701,67.301,66.401,66.401,66.201,67.401,67.901,67.701,68.301,68.801,68.801,68.601,68.501,71.101,71.701,71.601,71.701,70.001,70.301,72.001,71.701,71.401,71.701,71.101,72.001,72.001,72.101,72.101,72.101,77.201,77.501,77.001,77.501,97.801,97.801,99.301,100.001,95.701,95.201,95.101,95.201,94.401,95.201,95.801,NA,94.101,94.601,95.901,95.201,95.501,95.801,94.601,95.801,95.801,95.301,95.201,95.701,95.801,95.801
LC128411,55.501,53.901,54.801,53.101,55.801,51.301,51.501,54.101,54.101,57.401,55.701,56.701,56.501,56.401,57.201,56.401,60.101,60.501,60.501,68.301,70.401,69.301,69.301,67.401,67.101,68.601,67.301,69.201,68.001,67.801,68.001,68.001,66.701,67.001,66.701,68.001,67.601,66.701,66.701,66.501,67.701,68.101,68.001,69.201,67.801,67.801,69.701,69.501,71.501,72.001,71.801,72.001,70.601,70.601,72.401,72.001,71.801,72.001,71.401,72.101,72.101,72.301,72.301,72.301,77.101,77.401,77.001,77.401,96.701,96.601,96.901,96.601,100.001,98.201,98.101,98.201,96.601,98.201,96.601,NA,95.001,95.601,97.101,96.201,96.601,96.801,95.601,96.801,96.801,96.301,96.201,96.601,96.701,96.701
SRR11603186A,55.601,54.501,54.801,53.201,56.401,53.401,53.601,53.701,54.301,59.101,55.501,56.101,56.501,56.301,57.101,56.301,60.401,61.201,61.201,68.101,70.101,68.701,69.201,67.001,66.701,68.101,66.801,68.701,67.601,67.101,67.301,67.301,65.901,66.201,65.901,67.301,66.801,65.901,65.901,65.801,67.001,67.401,67.301,68.501,67.101,67.101,68.901,68.801,71.001,71.901,71.701,71.601,70.501,70.501,71.901,71.601,71.401,71.601,71.001,71.701,71.701,71.901,71.901,71.901,77.201,77.501,77.201,77.501,96.401,96.301,96.401,96.301,98.701,100.001,99.901,98.901,96.901,98.801,96.201,NA,94.601,95.201,96.601,95.801,96.201,96.301,95.101,96.401,96.301,95.801,95.701,96.201,96.201,96.201
SRR11603190A,55.801,54.501,54.901,53.401,56.701,52.801,53.001,53.701,54.301,59.101,55.501,56.301,56.601,56.501,57.301,56.501,60.701,61.501,61.501,68.301,70.101,68.901,69.301,67.101,66.801,68.301,67.001,68.901,67.701,67.101,67.301,67.301,65.901,66.201,65.901,67.301,66.801,65.901,65.901,65.801,67.001,67.401,67.301,68.501,67.101,67.101,68.901,68.801,70.801,71.601,71.401,71.601,70.201,70.201,71.901,71.601,71.401,71.601,71.001,71.701,71.701,71.901,71.901,71.901,77.001,77.301,77.201,77.301,96.701,96.601,96.701,96.601,98.701,99.601,100.001,98.801,96.901,98.701,96.201,NA,94.601,95.201,96.501,95.701,96.101,96.201,95.001,96.301,96.201,95.701,95.601,96.101,96.201,96.201
SRR11603191A,56.001,54.301,54.801,52.901,57.001,53.001,53.201,53.501,53.501,58.401,55.201,56.301,56.501,56.501,57.101,56.501,60.501,60.801,60.801,68.001,69.601,68.701,69.001,66.701,66.501,68.001,66.701,68.601,67.401,67.101,67.101,67.101,65.901,66.201,65.901,67.301,66.801,66.101,65.901,65.801,67.001,67.301,67.301,66.501,67.101,67.101,67.001,66.801,70.801,71.601,71.401,71.601,70.201,70.201,72.001,71.401,71.401,71.601,71.001,71.701,71.701,71.901,71.901,71.901,76.901,77.201,77.001,77.201,96.401,96.301,96.601,96.301,98.401,98.501,99.001,100.001,97.101,98.901,96.201,NA,94.601,95.301,96.601,95.701,96.201,96.301,95.201,96.401,96.301,95.901,95.801,96.201,96.101,96.201
SRR11603187A,55.801,54.201,55.201,53.201,56.401,52.001,52.201,53.201,55.201,56.101,55.301,56.301,56.601,56.501,56.501,56.501,60.501,61.201,61.201,68.101,69.801,68.701,69.201,66.801,66.701,68.101,66.801,68.701,67.601,67.001,67.001,67.001,65.801,66.101,65.801,67.101,66.701,65.901,65.801,65.601,66.801,67.301,67.101,68.301,67.001,67.001,68.801,68.601,70.501,71.601,71.401,71.601,70.201,70.201,72.001,71.401,71.401,71.601,71.001,71.701,71.701,71.901,71.901,71.901,76.701,77.001,76.901,77.001,96.001,95.901,96.101,95.901,98.101,98.201,98.701,98.801,100.001,97.801,95.501,NA,95.101,96.201,96.201,95.601,96.401,96.001,95.101,96.001,95.801,95.401,95.301,95.501,95.601,95.601
SRR11603189A,56.001,54.301,55.201,53.401,56.401,52.001,52.201,53.501,53.501,56.101,55.301,56.301,56.601,57.201,57.301,57.201,60.701,61.401,61.401,68.101,69.801,68.701,69.201,66.801,66.701,68.101,66.801,68.701,67.601,67.101,67.101,67.101,65.901,66.201,65.901,67.301,66.801,66.101,65.901,65.801,67.001,67.401,67.301,68.501,67.101,67.101,68.901,68.801,70.701,71.601,71.401,71.601,70.201,70.201,72.001,71.401,71.401,71.601,71.001,71.701,71.701,71.901,71.901,71.901,77.001,77.301,77.201,77.301,96.401,96.301,96.601,96.301,98.501,98.701,99.101,99.301,99.601,100.001,96.301,NA,94.801,95.601,96.701,95.901,96.401,96.401,95.201,96.601,96.401,96.001,95.901,96.201,96.301,96.301
SRR11190793A,55.501,54.901,54.901,53.201,56.901,53.501,53.601,54.301,55.101,56.801,56.001,57.101,57.401,57.401,57.401,57.401,61.001,61.401,61.401,68.401,70.401,69.501,69.301,67.301,67.001,68.601,67.301,69.001,67.901,67.301,67.401,67.401,65.901,66.401,66.101,67.401,67.001,66.101,66.101,65.901,67.101,67.601,67.401,68.601,67.301,67.301,69.101,68.901,71.101,71.901,71.701,72.101,70.601,70.801,72.101,72.101,71.901,71.901,71.301,72.301,72.301,72.401,72.401,72.401,77.001,77.301,76.901,77.001,96.701,96.601,96.601,96.601,97.601,97.801,98.101,97.501,97.301,97.801,100.001,NA,96.601,95.801,97.301,96.401,96.701,96.901,95.801,97.001,97.001,96.601,96.501,96.901,97.001,96.901
KM365479,56.101,54.501,54.501,52.801,55.801,51.901,52.101,53.601,54.901,56.501,55.201,56.801,56.701,56.501,57.501,56.501,60.601,61.001,61.001,68.601,69.901,69.001,68.901,67.001,66.701,68.301,66.801,69.001,67.601,70.101,70.301,70.301,68.801,69.401,69.101,68.301,67.801,67.001,67.001,66.801,68.001,68.401,68.301,69.701,70.101,70.101,70.101,70.001,71.701,72.001,71.801,72.101,70.801,70.901,72.601,72.101,71.701,72.001,71.401,72.101,72.101,72.301,72.401,72.401,77.001,77.301,76.801,77.301,96.301,96.301,96.401,96.401,97.501,97.301,97.301,97.201,96.901,97.201,97.201,100.001,NA,NA,NA,NA,NA,NA,NA,NA,NA,NA,NA,NA,NA,NA
SRR11190792A,54.701,53.601,53.801,52.501,54.301,50.701,50.901,55.701,54.601,57.201,54.501,56.001,56.101,56.001,57.001,56.001,59.601,60.001,60.001,67.401,69.201,68.601,68.301,66.401,66.201,67.901,66.501,68.101,67.001,66.501,66.401,66.401,65.501,65.601,65.301,66.701,66.201,65.301,65.301,65.201,66.401,66.801,66.701,67.901,66.501,66.501,68.301,68.201,70.501,71.301,71.101,71.001,70.301,70.201,71.101,71.101,70.801,71.001,70.401,71.301,71.301,71.401,71.401,71.401,76.001,76.101,75.701,76.001,95.401,95.601,95.001,95.001,95.901,96.001,96.301,96.101,96.001,96.101,97.001,95.901,100.001,95.701,96.101,95.601,96.301,95.801,95.201,95.901,95.701,95.301,95.301,95.501,95.401,95.501
SRR11603183A,54.801,54.201,54.601,53.201,56.201,51.701,51.901,55.401,54.001,57.001,54.701,56.301,56.001,55.801,56.801,55.801,60.701,60.901,60.901,67.901,69.301,68.601,68.701,66.801,67.001,68.001,66.701,68.601,67.401,67.001,67.001,67.001,65.901,66.101,65.801,67.101,66.701,65.901,65.801,65.601,66.801,67.301,67.101,68.301,67.001,67.001,68.801,68.601,70.501,71.401,71.301,71.401,70.301,70.301,71.901,71.401,71.101,71.401,70.801,71.601,71.601,71.701,71.701,71.701,76.301,76.401,76.001,76.301,95.601,95.701,95.701,95.401,96.701,96.601,96.901,96.901,97.001,97.301,96.701,97.201,96.701,100.001,96.901,96.401,97.701,96.601,96.701,97.301,97.401,96.701,96.601,96.801,96.801,96.801
SRR11190795A,55.901,54.301,54.601,53.401,56.401,51.501,51.701,53.701,54.601,58.201,55.301,56.601,57.001,57.001,57.801,57.001,60.401,60.801,60.801,68.401,70.101,69.201,69.201,67.001,66.801,68.301,67.001,69.001,67.701,67.601,67.401,67.401,66.201,66.701,66.401,67.701,67.301,66.201,66.401,66.201,67.401,67.901,67.701,68.901,67.601,67.601,69.401,69.201,71.101,71.901,71.701,71.701,70.501,70.501,71.901,71.901,71.601,71.901,71.301,72.001,72.001,72.101,72.101,72.101,77.001,77.301,76.901,77.301,96.901,97.001,96.701,96.701,97.501,97.501,97.801,97.601,97.501,97.801,97.801,98.201,97.201,97.801,100.001,97.501,97.701,98.001,96.701,97.901,97.801,97.601,97.501,97.701,97.801,97.801
AF308158,55.801,55.501,54.601,52.901,52.201,55.201,55.401,57.101,55.201,57.801,57.001,58.001,56.801,58.001,58.701,58.001,60.501,61.401,61.401,68.601,70.201,69.801,69.501,67.601,67.401,68.701,67.401,69.501,68.101,67.701,67.601,67.601,66.501,66.801,66.501,67.901,67.401,67.101,67.301,67.101,68.601,68.001,67.901,69.101,67.701,67.701,69.501,69.401,71.101,71.701,71.601,72.001,70.601,70.501,72.401,72.001,71.701,72.101,71.601,72.301,72.301,72.401,72.401,72.401,77.001,77.201,76.601,77.001,96.101,93.601,96.301,96.001,97.301,96.701,96.901,96.901,96.701,97.001,97.001,97.801,96.601,97.501,97.901,100.001,97.401,97.301,95.901,97.101,97.001,96.601,96.501,96.801,96.901,96.801
SRR11190802A,55.601,54.301,54.901,54.001,55.301,53.301,53.401,55.801,54.201,57.501,55.001,56.501,56.301,56.501,57.101,56.501,60.301,60.801,60.801,68.701,70.101,69.001,69.501,67.101,67.001,68.401,67.101,69.301,68.001,67.601,67.401,67.401,66.401,66.701,66.401,67.701,67.301,66.501,66.701,66.501,67.401,67.901,67.701,68.901,67.601,67.601,69.401,69.201,71.001,72.001,71.901,72.001,70.301,70.501,72.301,71.701,71.601,71.901,71.301,72.001,72.001,72.101,72.101,72.101,76.901,76.701,76.401,76.901,95.901,96.001,96.001,95.701,96.701,96.601,96.901,96.901,96.901,97.201,97.001,97.501,96.701,97.601,98.401,97.601,100.001,97.501,96.801,97.901,97.601,97.201,97.101,97.601,97.501,97.501
SRR11190796A,55.301,55.401,53.901,53.401,56.401,51.901,52.001,53.201,53.901,57.001,54.401,55.801,56.101,56.301,57.001,56.301,59.701,60.201,60.201,68.001,69.801,68.701,68.701,66.801,66.701,68.001,67.001,68.701,67.601,69.101,67.001,67.001,65.901,66.201,66.201,67.301,66.801,67.901,68.001,67.901,67.001,67.301,67.101,68.501,67.101,67.101,68.901,68.801,70.701,71.301,71.301,71.301,70.001,70.301,71.601,71.301,71.001,71.301,70.701,71.401,71.401,71.601,71.601,71.601,76.301,76.601,76.101,76.601,95.701,95.901,95.601,95.601,96.301,96.401,96.601,96.401,96.401,96.701,96.901,97.001,96.301,96.901,98.401,97.301,97.801,100.001,98.301,97.601,97.401,97.101,97.001,97.401,97.401,97.401
SRR11190797A,55.401,55.401,53.601,52.701,56.001,52.101,52.301,54.401,53.401,56.701,54.001,55.301,55.501,55.701,56.501,55.701,59.601,59.901,59.901,67.701,69.601,68.401,68.301,66.701,66.501,67.901,66.801,68.601,67.401,68.901,66.801,66.801,65.901,66.101,66.101,67.101,66.701,67.701,67.901,67.701,66.801,67.101,67.001,68.301,67.001,67.001,68.801,68.601,70.201,70.701,70.701,71.001,69.601,69.801,71.101,70.801,70.401,70.701,70.101,70.801,70.801,71.001,71.001,71.001,76.101,76.301,76.001,76.301,94.801,95.001,95.101,94.801,95.901,95.901,96.001,95.701,95.701,96.001,96.101,96.401,95.601,96.701,97.201,96.401,97.301,98.701,100.001,96.901,96.801,96.701,96.601,96.701,96.701,96.701
SRR11603184A,55.401,54.501,54.901,53.501,56.501,51.701,51.901,53.501,54.201,58.001,54.901,56.501,56.601,56.801,57.401,56.801,60.701,61.101,61.101,67.901,69.601,68.901,68.701,66.701,66.501,68.001,66.701,68.601,67.301,67.101,67.101,67.101,65.801,66.201,65.901,67.301,66.801,66.401,66.201,66.101,67.001,67.401,67.301,68.501,67.101,67.101,68.901,68.801,71.301,71.701,71.601,71.701,70.601,70.601,72.001,71.701,71.401,71.701,71.101,71.901,71.901,72.001,72.001,72.001,76.401,76.601,76.101,76.401,96.101,96.001,96.101,96.301,97.001,97.001,97.301,97.201,97.201,97.501,97.501,97.301,97.001,98.201,98.201,97.501,97.601,97.301,96.701,100.001,98.501,98.101,98.001,98.501,98.401,98.401
SRR11603182A,56.101,54.601,54.901,53.701,56.901,52.001,52.201,55.801,54.601,57.301,55.701,56.801,56.601,56.101,57.301,56.101,60.801,61.201,61.201,68.301,69.901,68.701,69.201,67.001,66.701,68.301,67.001,69.001,67.701,67.401,67.601,67.601,66.101,66.501,66.201,67.601,67.101,66.201,66.201,66.101,67.301,67.701,67.601,68.801,67.401,67.401,69.201,69.101,71.001,71.701,71.601,71.901,70.501,70.501,72.101,71.901,71.401,71.701,71.101,71.901,71.901,72.001,72.001,72.001,77.001,77.301,76.901,77.201,96.301,96.101,96.401,96.101,97.501,97.301,97.601,97.301,97.201,97.501,97.501,97.901,96.001,97.801,98.201,97.501,97.501,97.001,96.701,97.601,100.001,98.001,97.901,98.401,98.401,98.401
SRR11190798A,55.601,54.001,54.401,53.001,56.401,52.201,52.401,55.301,53.701,57.501,55.201,56.101,56.301,56.301,56.301,56.301,60.401,60.901,60.901,67.901,69.501,68.601,68.401,66.501,66.401,67.901,66.501,68.601,67.301,67.001,66.801,66.801,65.601,66.101,65.801,67.101,66.701,65.901,66.101,65.901,66.801,67.301,67.101,68.301,67.001,67.001,68.801,68.601,70.801,71.301,71.101,71.401,70.201,70.301,71.701,71.401,71.001,71.301,70.701,71.401,71.401,71.601,71.601,71.601,76.301,76.401,76.101,76.401,95.601,95.701,95.701,95.401,96.901,96.601,96.901,96.601,97.001,97.001,96.901,97.201,95.901,97.001,97.801,94.501,97.801,96.701,97.001,97.001,97.801,100.001,99.901,98.101,98.001,98.001
SRR11190801A,55.701,54.001,54.401,53.001,56.401,52.201,52.401,56.901,53.701,57.501,55.201,56.101,56.301,56.301,56.301,56.301,60.401,60.901,60.901,67.901,69.501,68.601,68.401,66.501,66.401,67.901,66.501,68.601,67.301,67.001,66.801,66.801,65.601,66.101,65.801,67.101,66.701,65.901,66.101,65.901,66.801,67.301,67.101,68.301,67.001,67.001,68.801,68.601,71.001,71.401,71.301,71.601,70.301,70.501,71.901,71.601,71.101,71.401,70.801,71.601,71.601,71.701,71.701,71.701,76.401,76.601,76.301,76.601,95.601,95.701,95.701,95.401,97.201,96.901,96.901,96.601,96.701,96.701,96.701,97.501,95.701,96.701,97.801,94.501,97.601,96.601,96.901,96.901,97.801,99.701,100.001,98.001,97.901,97.901
SRR11190799A,56.101,54.301,55.101,53.701,56.901,52.001,52.201,55.601,54.201,57.601,55.301,56.501,56.601,56.601,57.601,56.601,60.201,60.901,60.901,68.001,69.901,68.901,68.701,66.801,66.701,68.101,66.801,68.901,67.401,67.401,67.301,67.301,66.101,66.501,66.201,67.601,67.101,66.101,66.201,66.101,67.301,67.701,67.601,66.801,67.401,67.401,67.301,67.101,71.101,71.601,71.401,71.701,70.301,70.501,72.001,71.701,71.301,71.601,71.001,71.701,71.701,71.901,71.901,71.901,76.901,77.001,76.701,77.001,96.001,96.101,96.101,95.901,97.201,97.001,97.301,97.301,97.001,97.301,97.501,97.801,96.301,97.301,98.501,97.501,98.401,97.501,97.801,97.601,98.201,98.501,98.401,100.001,99.901,100
SRR11190791A,55.901,55.601,54.901,53.501,55.401,52.601,52.801,53.401,54.501,57.801,55.301,56.601,56.801,56.801,57.601,56.801,60.201,60.901,60.901,67.901,69.901,68.901,68.601,67.001,66.801,68.301,67.001,68.901,67.601,69.401,69.401,69.401,68.001,68.501,68.201,67.601,67.101,66.101,66.201,66.101,67.301,67.701,67.601,68.901,69.401,69.401,69.401,69.201,71.301,71.601,71.401,71.601,70.301,70.601,72.001,71.701,71.301,71.601,71.001,71.701,71.701,71.901,71.901,71.901,76.701,77.001,76.601,76.901,95.901,96.001,96.001,95.701,97.001,96.901,97.201,97.001,96.901,97.201,97.301,97.801,96.101,97.201,98.401,97.301,97.601,97.601,97.301,97.501,98.101,97.801,97.601,99.101,100.001,100
SRR11190800A,56.101,54.301,55.101,53.701,56.901,52.001,52.201,53.401,54.301,57.601,55.301,56.501,56.601,56.601,57.601,56.601,60.201,60.901,60.901,68.001,69.901,68.901,68.701,66.801,66.701,68.101,66.801,68.901,67.401,69.401,69.201,69.201,68.001,68.501,68.201,67.601,67.101,66.101,66.201,66.101,67.301,67.701,67.601,68.901,69.401,69.401,69.401,69.201,71.101,71.601,71.401,71.701,70.301,70.501,72.001,71.701,71.301,71.601,71.001,71.701,71.701,71.901,71.901,71.901,76.901,77.001,76.701,77.001,96.001,96.101,96.101,95.901,97.201,97.001,97.301,97.201,97.001,97.301,97.501,97.901,96.301,97.301,98.501,97.501,98.401,97.501,97.801,97.601,98.201,98.501,98.401,99.901,99.301,100.001